username|email|role|dr|brand|date|nbtransacm0|nbtransacytd|txtransacnpem0|txtransacnvem0|txtransacnpeytd|txtransacnveytd|txtransacnpesm0|txtransacnvesm0|txtransacnpesytd|txtransacnvesytd|txtransacnpesam0|txtransacnvesam0|txtransacnpesaytd|txtransacnvesattd|ranknpem0|ranknpeytd|ranknpesm0|ranknpesytd|ranknpesam0|ranknpesaytd|nbreclientscontactablesemailh|nbreclientsinactifsemailh|nbreclientsanimesm0|nbreclientstransformesm0|caclientstransformesm0|cacrmytd
001 SAINT FERREOL|Stferreol1@louispion.fr|ROLE_BOUTIQUE|Claire LUNGAVIA|LOUIS PION|2016-05-31|328|1394|37.50|4.27|28.98|4.23|35.98|3.66|27.98|4.23|28.96|3.05|13.70|2.08|63|79|53|65|39|91|1538|188|8|7|326.3|1391.75
002 LE PONTET|avignonpontet2@louispion.fr|ROLE_BOUTIQUE|Claire LUNGAVIA|LOUIS PION|2016-05-31|632|2578|31.49|2.85|24.48|2.13|30.06|2.53|23.16|2.06|25.63|2.22|20.05|1.90|80|98|72|87|48|59|3671|541|23|23|2401.6|9445.88
003 VITROLLES|vitrolles3@louispion.fr|ROLE_BOUTIQUE|Claire LUNGAVIA|LOUIS PION|2016-05-31|478|1960|17.15|1.88|28.32|2.76|16.53|1.88|27.14|2.91|6.69|0.21|13.83|1.89|120|82|112|68|121|89|2033|352|20|20|2495|7105
004 AVANT CAP|avantcap4@louispion.fr|ROLE_BOUTIQUE|Claire LUNGAVIA|LOUIS PION|2016-05-31|653|2691|23.28|1.84|28.95|3.01|22.82|1.84|28.28|2.97|14.55|1.07|16.54|1.75|106|80|92|62|87|70|2707|334|14|14|916.3|4346.54
005 AIX EN PROVENCE|Aix5@louispion.fr|ROLE_BOUTIQUE|Claire LUNGAVIA|LOUIS PION|2016-05-31|612|2473|40.20|6.21|37.53|5.30|38.40|5.39|34.25|4.69|15.52|4.74|16.66|4.08|55|40|43|36|83|69|3782|498|44|43|3266.1|14441.91
006 AUBAGNE|Aubagne6@louispion.fr|ROLE_BOUTIQUE|Claire LUNGAVIA|LOUIS PION|2016-05-31|380|1654|38.68|12.11|38.45|8.34|37.63|11.32|36.70|7.86|36.84|11.32|36.22|7.86|59|37|45|30|24|18|4625|628|17|16|3819|10903.78
007 VILLARS|Villars7@louispion.fr|ROLE_BOUTIQUE|Céline BRAISSAND|LOUIS PION|2016-05-31|693|2472|36.80|2.31|35.40|2.43|34.20|2.02|31.96|2.14|19.91|2.74|18.81|2.63|64|49|58|45|65|61|1838|188|43|41|3083.6|9529.65
009 PERPIGNAN|Perpignan9@louispion.fr|ROLE_BOUTIQUE|Romain DEBROISE|LOUIS PION|2016-05-31|666|3041|17.87|3.45|20.12|2.66|15.32|2.70|17.53|2.20|15.02|2.85|17.17|2.43|118|114|117|104|84|65|4467|650|24|24|1611.7|10329.39
010 ANNECY|Annecy10@louispion.fr|ROLE_BOUTIQUE|Céline BRAISSAND|LOUIS PION|2016-05-31|725|2998|34.07|6.76|38.59|6.30|32.28|5.93|35.16|5.84|31.31|6.34|33.79|6.14|72|35|65|34|36|23|5722|734|65|62|5201.5|17837.62
012 TOULON GRAND VAR|Toulonvar12@louispion.fr|ROLE_BOUTIQUE|Claire LUNGAVIA|LOUIS PION|2016-05-31|601|2629|26.12|13.64|27.88|10.46|25.46|13.14|26.74|9.93|3.99|3.00|4.26|3.20|93|84|81|71|129|127|3030|298|13|13|1225.2|4887.91
013 NICE LINGOSTIERE|nicelingostiere13@louispion.fr|ROLE_BOUTIQUE|Claire LUNGAVIA|LOUIS PION|2016-05-31|393|1688|19.08|2.29|29.98|4.32|17.81|2.04|28.26|4.15|17.56|2.29|27.43|4.38|113|77|109|63|76|34|2109|381|16|16|1586.5|6819.5
014 NICE TNL|nicetnl14@louispion.fr|ROLE_BOUTIQUE|Claire LUNGAVIA|LOUIS PION|2016-05-31|493|1991|24.34|4.26|18.43|3.21|23.53|4.06|17.08|3.06|22.72|4.06|16.37|2.91|100|116|88|107|56|73|2500|342|12|12|586.2|5008.55
016 SAINT PRIEST|stpriest16@louispion.fr|ROLE_BOUTIQUE|Céline BRAISSAND|LOUIS PION|2016-05-31|550|2519|59.09|10.00|53.55|6.71|54.91|9.09|50.30|6.11|52.73|10.73|46.88|8.30|11|6|11|5|4|5|4724|742|45|44|1956.2|19104.05
017 ECULLY|ecully17@louispion.fr|ROLE_BOUTIQUE|Céline BRAISSAND|LOUIS PION|2016-05-31|769|3188|24.06|1.56|23.24|1.38|22.50|1.56|20.83|1.32|15.99|1.43|16.37|1.25|103|103|96|95|80|72|2001|235|37|37|3939.5|9493.95
018 TOULON MAYOL|Toulonmayol18@louispion.fr|ROLE_BOUTIQUE|Claire LUNGAVIA|LOUIS PION|2016-05-31|373|1635|52.82|10.46|38.47|6.48|50.13|10.46|36.02|6.12|44.77|9.38|28.69|5.93|26|36|20|32|13|31|3033|418|21|18|1883|6322.58
019 PORTET S/ GARONNE|toulouseportet19@louispion.fr|ROLE_BOUTIQUE|Romain DEBROISE|LOUIS PION|2016-05-31|492|2024|53.66|11.38|38.74|5.78|51.02|10.16|36.56|5.34|48.17|10.16|34.78|5.58|22|34|16|31|9|22|4976|605|35|32|2588.7|7365.74
020 TOULOUSE GRAMONT|toulousegramont20@louispion.fr|ROLE_BOUTIQUE|Romain DEBROISE|LOUIS PION|2016-05-31|657|2745|37.75|8.68|30.97|6.23|33.33|6.54|26.45|4.70|32.27|6.70|23.57|4.44|61|72|61|73|33|45|2701|233|22|22|1211|4229.61
021 BORDEAUX LE LAC|bordeauxlelac21@louispion.fr|ROLE_BOUTIQUE|Romain DEBROISE|LOUIS PION|2016-05-31|644|2586|27.33|2.33|27.46|1.78|25.31|2.17|25.33|1.62|10.25|0.62|12.61|1.08|91|88|83|79|106|94|5979|753|37|36|3194.6|10084.72
024 NICE ETOILE|niceetoile24@louispion.fr|ROLE_BOUTIQUE|Claire LUNGAVIA|LOUIS PION|2016-05-31|924|3615|25.32|3.03|27.22|3.35|23.27|2.81|25.39|3.21|22.29|2.38|23.65|2.74|96|89|89|78|58|43|3207|582|27|26|1348.2|7614.56
026 PONTAULT COMBAULT|pontault26@louispion.fr|ROLE_BOUTIQUE|Steve BENDJAICHE|LOUIS PION|2016-05-31|542|2427|65.50|5.17|46.48|3.54|61.44|5.35|42.60|3.46|17.53|1.85|13.97|1.65|4|16|5|15|78|86|3165|320|38|38|2797|8087.39
027 CLAYE SOUILLY|clayesouilly27@louispion.fr|ROLE_BOUTIQUE|Steve BENDJAICHE|LOUIS PION|2016-05-31|667|2884|55.17|5.70|43.65|4.26|50.97|6.90|41.05|4.54|13.79|4.20|13.14|3.12|18|26|17|19|92|92|2569|202|33|31|2573|8647.98
028 FACHES THUMESNIL|Faches28@louispion.fr|ROLE_BOUTIQUE|Jérémie BOURGAIN|LOUIS PION|2016-05-31|755|3219|41.19|2.25|37.34|1.93|37.88|2.12|33.74|1.71|32.58|1.99|25.66|1.86|49|41|44|38|32|39|4889|706|58|57|3718.6|14694.42
029 RONCQ|Roncq29@louispion.fr|ROLE_BOUTIQUE|Jérémie BOURGAIN|LOUIS PION|2016-05-31|825|3710|32.85|25.94|23.21|10.03|19.76|8.48|15.31|4.23|17.82|7.39|12.61|4.02|78|104|100|115|72|93|3280|342|33|33|2678.4|8690.26
030 SAINT GENIS 2|stgenis30@louispion.fr|ROLE_BOUTIQUE|Céline BRAISSAND|LOUIS PION|2016-05-31|618|2566|48.38|3.07|45.95|2.69|44.01|2.91|40.76|2.22|41.91|3.24|37.26|2.18|33|19|31|20|15|14|3928|552|46|45|2360.8|10018.53
031 NOYELLES GODAULT|Noyelles31@louispion.fr|ROLE_BOUTIQUE|Jérémie BOURGAIN|LOUIS PION|2016-05-31|398|1898|38.94|18.09|39.15|8.27|36.18|16.83|30.77|7.06|10.30|5.03|8.38|3.00|58|32|50|52|105|114|3844|499|19|19|1211.75|7724.72
032 ST BRICE SOUS FORET|Stbrice32@louispion.fr|ROLE_BOUTIQUE|Stéphane MORICEAU|LOUIS PION|2016-05-31|495|1982|25.05|1.82|25.08|1.77|22.63|1.82|22.15|1.66|14.55|1.82|14.68|1.51|98|96|93|90|88|82|1881|269|19|19|2501|7344.47
033 ST SEBASTIEN S/ LOIRE|stsebastien33@louispion.fr|ROLE_BOUTIQUE|David DESGARCEAUX|LOUIS PION|2016-05-31|614|2669|25.73|5.86|27.73|5.77|21.82|5.05|23.04|5.17|21.50|5.37|22.56|5.28|95|86|97|88|60|52|3871|519|20|20|2224.3|7669.75
036 MONTESSON|montesson36@louispion.fr|ROLE_BOUTIQUE|Steve BENDJAICHE|LOUIS PION|2016-05-31|556|2107|58.27|11.51|44.42|7.83|56.12|11.33|41.53|7.31|19.24|6.12|15.38|4.37|13|21|8|16|68|79|2630|320|35|32|2511.9|8921.41
037 CAP 3000|cap300037@louispion.fr|ROLE_BOUTIQUE|Claire LUNGAVIA|LOUIS PION|2016-05-31|311|1355|27.65|2.89|33.21|3.03|26.69|2.57|31.51|2.88|24.76|2.25|29.52|2.73|90|57|79|49|49|29|2079|301|23|22|1885.3|7246.88
038 VALENCE|valence38@louispion.fr|ROLE_BOUTIQUE|Céline BRAISSAND|LOUIS PION|2016-05-31|325|1503|55.69|10.46|52.23|9.38|51.08|9.85|49.37|8.65|31.38|3.69|36.19|5.39|17|8|15|6|35|19|3322|398|24|24|1826.7|8816.29
040 VENETTE|Venette40@louispion.fr|ROLE_BOUTIQUE|Jérémie BOURGAIN|LOUIS PION|2016-05-31|490|2035|46.53|4.29|42.90|4.13|43.67|4.08|40.25|3.78|37.76|3.47|33.32|3.39|36|27|32|21|21|25|1932|294|21|21|1282|5290.15
041 VALTHOIRY|valthoiry41@louispion.fr|ROLE_BOUTIQUE|Céline BRAISSAND|LOUIS PION|2016-05-31|810|3223|32.96|9.75|31.24|9.65|21.23|6.91|19.30|6.73|18.15|7.04|16.85|6.52|76|70|99|99|71|68|2476|245|45|45|6998.9|17728.77
042 LA VILLE DU BOIS|Villedubois42@louispion.fr|ROLE_BOUTIQUE|Stéphane MORICEAU|LOUIS PION|2016-05-31|637|2658|16.33|1.10|11.21|0.83|13.81|1.10|9.52|0.64|8.32|0.94|7.07|0.71|121|128|120|126|115|118|1367|159|27|27|1824.3|5150.56
044 CERGY PONTOISE|Cergy44@louispion.fr|ROLE_BOUTIQUE|Steve BENDJAICHE|LOUIS PION|2016-05-31|535|2361|49.16|5.61|34.05|3.26|40.75|5.23|31.34|3.05|13.27|1.68|12.28|1.23|30|54|37|50|95|96|3103|337|25|25|2896.3|10252.75
046 AVIGNON MISTRAL 7|avignonmistral46@louispion.fr|ROLE_BOUTIQUE|Claire LUNGAVIA|LOUIS PION|2016-05-31|442|1912|27.83|3.62|31.49|3.29|25.34|3.62|29.55|3.19|7.24|0.90|8.47|1.41|89|68|82|57|120|113|2249|390|18|16|1584.4|8940.38
048 BORDEAUX ST MEDARD|bordeauxmedard48@louispion.fr|ROLE_BOUTIQUE|Romain DEBROISE|LOUIS PION|2016-05-31|522|2143|42.15|4.60|32.34|2.52|37.36|4.41|28.18|2.33|37.36|4.41|28.00|2.29|45|61|46|64|22|33|2276|317|23|23|1145.25|4837.9
049 NOISY LE GRAND|noisy49@louispion.fr|ROLE_BOUTIQUE|Steve BENDJAICHE|LOUIS PION|2016-05-31|638|2909|51.10|6.43|32.14|4.47|48.43|5.17|29.60|3.95|14.89|4.86|10.18|2.61|28|62|23|56|85|103|2382|221|42|40|2284|6865.13
051 LE MANS|lemans51@louispion.fr|ROLE_BOUTIQUE|David DESGARCEAUX|LOUIS PION|2016-05-31|667|2678|52.62|6.15|39.02|3.77|47.83|5.55|35.32|3.47|47.38|5.85|34.99|3.62|27|33|25|33|10|21|5290|565|61|58|3777.25|12137.63
053 STRASBOURG LES HALLES|strasbourg53@louispion.fr|ROLE_BOUTIQUE|Jérémie BOURGAIN|LOUIS PION|2016-05-31|317|1316|54.26|18.93|48.25|13.98|50.16|16.40|41.11|12.23|34.07|13.25|14.44|5.47|21|12|19|18|29|84|2511|342|27|21|1829.65|5720.6
054 CENTRE 2 ST ETIENNE|stetienne54@louispion.fr|ROLE_BOUTIQUE|Céline BRAISSAND|LOUIS PION|2016-05-31|404|1882|59.16|4.21|60.26|3.99|55.69|3.47|56.75|3.77|55.45|3.47|56.06|4.04|10|3|10|3|3|1|5584|832|51|49|4322.3|18237.77
055 GRENOBLE GRAND PLACE|Grenoblegdplace55@louispion.fr|ROLE_BOUTIQUE|Céline BRAISSAND|LOUIS PION|2016-05-31|542|2478|48.15|4.24|47.54|4.24|45.94|4.06|44.15|3.75|26.57|2.21|23.00|1.90|34|14|29|11|45|49|4835|748|53|53|3877.3|15382.65
057 GONFREVILLE|Gonfreville57@louispion.fr|ROLE_BOUTIQUE|David DESGARCEAUX|LOUIS PION|2016-05-31|567|2433|55.91|5.29|51.71|6.00|53.26|4.59|47.39|5.14|52.56|4.59|46.49|5.06|16|10|12|9|5|6|6714|830|73|73|5348.2|18690.3
062 VELIZY|velizy62@louispion.fr|ROLE_BOUTIQUE|Steve BENDJAICHE|LOUIS PION|2016-05-31|768|3264|71.74|8.72|50.95|6.74|65.49|8.33|46.02|6.40|13.67|1.82|12.25|1.90|3|11|3|10|93|97|6043|706|68|65|9562.55|25867.67
063 MERIGNAC|merignac63@louispion.fr|ROLE_BOUTIQUE|Romain DEBROISE|LOUIS PION|2016-05-31|765|3108|30.72|2.88|28.31|1.87|24.31|2.35|24.20|1.48|17.78|1.57|18.21|1.25|83|83|86|85|73|64|5003|620|32|31|2420.3|8943.24
064 CARRE SENART|carresenart64@louispion.fr|ROLE_BOUTIQUE|Stéphane MORICEAU|LOUIS PION|2016-05-31|521|2226|35.32|3.45|33.83|2.96|30.71|2.30|29.34|2.43|17.66|1.54|16.40|1.62|68|55|69|59|75|71|3163|499|32|32|2370.35|9795.23
066 CRETEIL|creteilsoleil66@louispion.fr|ROLE_BOUTIQUE|Steve BENDJAICHE|LOUIS PION|2016-05-31|765|3168|61.57|9.15|44.03|6.94|47.06|7.06|32.61|5.49|9.41|5.23|6.94|3.88|8|23|26|43|109|120|5193|562|44|40|3233.2|9130.35
067 TOURS|Tourscentre67@louispion.fr|ROLE_BOUTIQUE|David DESGARCEAUX|LOUIS PION|2016-05-31|550|2285|24.18|4.18|19.47|3.24|19.27|3.27|14.79|2.10|18.55|3.45|14.14|2.19|101|115|105|117|69|85|1963|187|14|13|1964|6101.45
071 BAY 2 TORCY|bay2torcy71@louispion.fr|ROLE_BOUTIQUE|Steve BENDJAICHE|LOUIS PION|2016-05-31|671|2821|53.06|7.45|37.22|5.49|46.20|6.41|32.97|4.89|12.07|3.73|10.60|3.23|25|42|28|41|101|101|2905|336|57|56|4693.1|13863.16
072 BRETIGNY|Bretigny72@louispion.fr|ROLE_BOUTIQUE|Stéphane MORICEAU|LOUIS PION|2016-05-31|839|3812|9.42|1.31|13.51|1.94|7.63|0.72|11.02|1.57|4.17|0.48|7.11|1.08|128|125|127|125|127|117|2665|429|19|19|1689.9|7658.79
073 EVRY 2|evrydeux73@louispion.fr|ROLE_BOUTIQUE|Stéphane MORICEAU|LOUIS PION|2016-05-31|495|2045|15.76|1.82|20.59|2.79|12.12|1.21|17.46|2.40|9.70|0.81|16.23|2.59|123|110|123|105|108|75|1283|244|8|8|1354|4249.83
074 CAEN CENTRE VILLE|Caen74@louispion.fr|ROLE_BOUTIQUE|David DESGARCEAUX|LOUIS PION|2016-05-31|491|1955|39.51|2.44|37.14|1.89|36.05|2.24|33.35|1.74|36.05|2.24|33.30|1.79|56|43|51|39|26|26|3956|508|37|36|1251.4|6627.79
075 NANCY|Nancy75@louispion.fr|ROLE_BOUTIQUE|Jérémie BOURGAIN|LOUIS PION|2016-05-31|605|2563|42.98|3.47|26.92|2.30|30.58|2.31|19.27|1.52|23.64|2.48|16.35|1.83|42|91|70|100|53|74|3267|398|29|28|1660.9|4625.16
077 SENS|sens77@louispion.fr|ROLE_BOUTIQUE|Stéphane MORICEAU|LOUIS PION|2016-05-31|0||0.0|0.0|0.0|0.0|0.0|0.0|0.0|0.0|0.0|0.0|0.0|0.0|133|133|133|133|133|133|443|43|0|0|0|142
079 ECHIROLLES|echirolles79@louispion.fr|ROLE_BOUTIQUE|Céline BRAISSAND|LOUIS PION|2016-05-31|522|2108|34.48|7.09|32.97|3.98|31.61|6.13|29.84|3.51|24.71|6.13|23.48|3.51|71|58|67|55|50|46|3586|432|31|30|2010.1|6735.31
080 LILLE TANNEURS|lille80@louispion.fr|ROLE_BOUTIQUE|Jérémie BOURGAIN|LOUIS PION|2016-05-31|738|3071|54.34|6.64|55.91|6.06|47.02|5.28|48.78|5.11|45.26|6.50|47.80|5.60|20|5|27|7|12|4|5414|845|74|73|3222.5|12861.84
081 Cora HOUDEMONT|Nancy81@louispion.fr|ROLE_BOUTIQUE|Jérémie BOURGAIN|LOUIS PION|2016-05-31|884|3790|30.77|4.52|31.74|4.20|16.06|2.26|21.77|2.64|15.61|2.38|21.19|2.72|82|64|115|93|82|57|6303|780|48|48|2628.4|14924.78
092 BRY SUR MARNE|092brysurmarne@louispion.fr|ROLE_BOUTIQUE|Steve BENDJAICHE|LOUIS PION|2016-05-31|0||0.0|0.0|0.0|0.0|0.0|0.0|0.0|0.0|0.0|0.0|0.0|0.0|134|134|134|134|134|134|1119|130|4|4|399.6|1358
106 ROUEN|rouen106@louispion.fr|ROLE_BOUTIQUE|David DESGARCEAUX|LOUIS PION|2016-05-31|526|2222|24.90|2.09|25.88|2.61|21.29|2.28|21.96|2.48|20.91|2.28|21.29|2.66|99|95|98|91|61|54|2919|372|29|26|1750.4|6398.58
116 COQUELLES|Calais116@louispion.fr|ROLE_BOUTIQUE|Jérémie BOURGAIN|LOUIS PION|2016-05-31|571|2460|32.92|5.78|22.28|2.68|27.32|4.73|18.82|2.11|27.32|4.55|18.54|2.24|77|106|76|102|43|63|2454|379|16|15|690.1|3858.34
120 BREST|brest120@louispion.fr|ROLE_BOUTIQUE|David DESGARCEAUX|LOUIS PION|2016-05-31|581|2555|22.03|2.41|14.52|1.17|19.28|2.07|12.80|0.98|18.24|1.89|12.56|0.94|109|123|104|121|70|95|1395|165|12|12|873|4776.06
122 ANGERS|angers122@louispion.fr|ROLE_BOUTIQUE|David DESGARCEAUX|LOUIS PION|2016-05-31|502|2154|48.80|2.59|39.83|2.69|43.43|2.19|33.84|2.23|42.83|1.99|33.52|2.18|31|31|35|37|14|24|4237|543|16|15|1582.3|8110.5
127 MONTPELLIER|montpellier127@louispion.fr|ROLE_BOUTIQUE|Romain DEBROISE|LOUIS PION|2016-05-31|428|1894|22.66|4.44|17.95|3.96|19.63|3.74|15.68|3.43|14.49|4.91|10.56|3.54|108|117|101|113|89|102|1189|152|6|6|767.1|3248.92
132 ARGENTEUIL|argenteuil132@louispion.fr|ROLE_BOUTIQUE|Stéphane MORICEAU|LOUIS PION|2016-05-31|832|2968|26.68|6.49|30.56|7.35|23.08|5.89|27.32|6.57|17.67|3.25|23.21|5.26|92|75|90|67|74|47|2373|489|46|45|5055.2|14669.33
136 LYON PART DIEU|lyonpartdieu136@louispion.fr|ROLE_BOUTIQUE|Céline BRAISSAND|LOUIS PION|2016-05-31|1105|4733|20.90|4.07|14.83|3.66|18.46|3.71|12.23|3.21|4.62|1.18|3.44|1.14|110|121|107|124|126|128|2006|176|18|16|1355.3|8120.13
139 TOURS|Stpierredescorps139@louispion.fr|ROLE_BOUTIQUE|David DESGARCEAUX|LOUIS PION|2016-05-31|790|3127|8.35|0.51|12.06|0.51|6.20|0.38|8.95|0.35|6.08|0.38|8.76|0.42|129|127|129|128|123|109|2887|394|15|15|531.4|5422
141 PARIS LA DEFENSE|ladefense141@louispion.fr|ROLE_BOUTIQUE|Steve BENDJAICHE|LOUIS PION|2016-05-31|1388|5984|24.06|4.47|20.47|3.56|22.55|4.25|18.98|3.36|7.64|2.59|8.22|3.41|102|111|94|101|117|115|6311|658|42|39|4803.65|16524.02
142 PARIS PASSAGE DU HAVRE|Passageduhavre142@louispion.fr|ROLE_BOUTIQUE|Stéphane MORICEAU|LOUIS PION|2016-05-31|1542|6825|37.68|7.20|36.41|5.83|33.14|6.49|30.18|4.82|11.22|2.79|11.72|2.99|62|47|62|54|103|98|7371|778|57|50|5200.1|15635.06
143 ORLEANS|orleans143@louispion.fr|ROLE_BOUTIQUE|David DESGARCEAUX|LOUIS PION|2016-05-31|670|2658|34.63|6.12|31.64|3.65|29.55|5.52|27.61|3.39|29.10|5.67|26.71|3.42|70|65|73|66|38|35|3004|454|31|30|3421.15|11419.84
145 PARIS LES HALLES|Forum145@louispion.fr|ROLE_BOUTIQUE|Stéphane MORICEAU|LOUIS PION|2016-05-31|918|3616|12.85|1.63|14.80|2.16|9.48|0.98|12.28|1.55|7.41|1.96|9.90|2.93|125|122|125|123|118|104|2396|333|13|13|1228.6|4436.5
149 PARIS RUE DE RENNES|ruederennes149@louispion.fr|ROLE_BOUTIQUE|Stéphane MORICEAU|LOUIS PION|2016-05-31|711|2948|20.11|2.39|23.20|3.02|16.32|1.97|19.37|2.37|7.31|1.13|8.75|2.20|111|105|113|98|119|110|3150|487|27|27|1942|8351
153 LE HAVRE|Lehavrecoty153@louispion.fr|ROLE_BOUTIQUE|David DESGARCEAUX|LOUIS PION|2016-05-31|743|3112|43.61|4.04|26.74|2.25|33.51|2.96|15.20|1.32|32.97|2.96|14.75|1.41|41|92|60|116|31|81|3470|475|53|53|3044|10968.71
155 LORIENT|Lorien155@louispion.fr|ROLE_BOUTIQUE|David DESGARCEAUX|LOUIS PION|2016-05-31|755|2957|10.33|0.13|6.49|0.41|7.02|0.13|5.14|0.41|6.09|0.13|4.77|0.47|127|130|128|129|122|126|986|177|7|7|559.3|1542.5
156 MARSEILLE|marseillebourse156@louispion.fr|ROLE_BOUTIQUE|Claire LUNGAVIA|LOUIS PION|2016-05-31|239|1180|18.83|4.18|15.85|3.39|16.74|4.18|14.66|3.22|12.55|4.18|9.66|2.80|114|119|111|118|99|106|838|117|3|2|143|2056.55
182 TROYES|Troyes182@louispion.fr|ROLE_BOUTIQUE|Stéphane MORICEAU|LOUIS PION|2016-05-31|0||0.0|0.0|0.0|0.0|0.0|0.0|0.0|0.0|0.0|0.0|0.0|0.0|135|135|135|135|135|135|1503|159|0|0|0|71
191 VAL D'EUROPE|valdeurope191@louispion.fr|ROLE_BOUTIQUE|Steve BENDJAICHE|LOUIS PION|2016-05-31|967|4449|62.77|12.51|36.79|6.97|57.91|11.69|33.11|6.05|14.37|3.52|10.99|2.47|7|46|7|40|90|100|7277|855|68|64|6294.3|17065.73
193 ANNECY|annecy193@louispion.fr|ROLE_BOUTIQUE|Céline BRAISSAND|LOUIS PION|2016-05-31|814|3228|30.59|3.81|30.95|3.04|27.64|3.44|28.47|2.70|27.52|3.56|28.10|2.82|84|73|75|61|42|32|3039|503|22|21|1617.3|9833.07
194 VILLENEUVE D'ASCQ|Villeneuve194@louispion.fr|ROLE_BOUTIQUE|Jérémie BOURGAIN|LOUIS PION|2016-05-31|683|2973|34.70|18.16|26.94|11.30|27.09|15.81|20.79|9.08|5.71|4.83|7.06|2.79|69|90|77|96|124|119|2204|270|26|25|1985.25|5878.48
195 PAU LESCAR|pau195@louispion.fr|ROLE_BOUTIQUE|Romain DEBROISE|LOUIS PION|2016-05-31|621|2486|17.55|3.38|16.57|2.33|14.33|2.25|12.35|1.73|13.04|2.58|11.30|1.93|119|118|119|122|97|99|1394|189|11|11|1423|3921.8
196 BELLE EPINE|belleepine196@louispion.fr|ROLE_BOUTIQUE|Steve BENDJAICHE|LOUIS PION|2016-05-31|694|3005|57.64|15.85|34.18|6.36|55.76|15.71|32.35|6.19|12.10|6.77|8.52|2.63|14|53|9|44|100|112|3872|368|52|49|5081.7|12406.17
200 ROSNY|rosny200@louispion.fr|ROLE_BOUTIQUE|Steve BENDJAICHE|LOUIS PION|2016-05-31|566|2553|63.07|8.83|46.06|5.64|60.07|7.95|41.52|4.97|19.26|3.18|15.67|2.39|6|18|6|17|67|78|4478|656|37|36|4038.7|13725.16
204 MARSEILLE|bonneveine204@louispion.fr|ROLE_BOUTIQUE|Claire LUNGAVIA|LOUIS PION|2016-05-31|239|1130|46.44|5.86|37.88|5.93|43.51|5.86|34.51|5.93|38.49|5.86|30.44|5.58|37|38|34|35|19|28|1466|189|12|11|400.3|2155.22
205 Montmartre|montmartre205@louispion.fr|ROLE_BOUTIQUE|Steve BENDJAICHE|LOUIS PION|2016-05-31|512|2403|40.23|7.23|24.18|4.12|36.91|7.03|21.72|3.87|9.18|1.95|5.99|1.66|54|99|48|94|110|123|1939|167|23|23|7653.15|15030.25
206 Commerce|commerce206@louispion.fr|ROLE_BOUTIQUE|Stéphane MORICEAU|LOUIS PION|2016-05-31|647|2625|46.68|4.79|47.28|4.65|43.59|4.17|43.54|4.30|38.49|4.02|37.60|4.08|35|15|33|13|20|12|2564|407|51|50|2999.4|12796.75
207 GARE DE L'EST|207garedelest@louispion.fr|ROLE_BOUTIQUE|Steve BENDJAICHE|LOUIS PION|2016-05-31|346|1704|53.47|21.10|36.85|10.68|48.55|18.21|32.63|9.57|8.67|6.36|5.63|4.17|23|45|22|42|114|124|2966|363|25|24|1576.2|6181.69
209 TAVERNY|209taverny@louispion.fr|ROLE_BOUTIQUE|Stéphane MORICEAU|LOUIS PION|2016-05-31|628|2449|18.15|1.43|21.76|1.88|15.29|1.27|16.13|1.39|12.74|0.80|13.92|1.31|117|107|118|112|98|87|1452|210|22|21|1525.4|7279.74
215 Passy|passy215@louispion.fr|ROLE_BOUTIQUE|Stéphane MORICEAU|LOUIS PION|2016-05-31|684|2847|28.95|4.09|32.10|5.02|24.56|3.80|24.45|4.11|22.66|3.65|22.69|4.11|87|63|85|84|57|51|3016|451|33|33|3147.9|12043.27
217 Lyon confluence|217lyonconfluence@louispion.fr|ROLE_BOUTIQUE|Céline BRAISSAND|LOUIS PION|2016-05-31|404|1583|71.78|9.65|64.88|6.25|66.09|7.92|59.51|5.75|49.75|7.92|36.13|4.11|2|2|2|2|8|20|4696|630|38|38|2580.8|9526.92
219 Saint Michel|219stmichel@louispion.fr|ROLE_BOUTIQUE|Stéphane MORICEAU|LOUIS PION|2016-05-31|506|2027|11.26|0.99|14.16|1.18|10.28|0.99|13.07|0.99|8.10|0.99|8.83|1.13|126|124|124|120|116|108|1422|158|12|12|962.6|3109.91
220 Beaugrenelle|220beaugrenelle@louispion.fr|ROLE_BOUTIQUE|Stéphane MORICEAU|LOUIS PION|2016-05-31|908|3635|35.90|4.96|26.00|3.38|31.28|4.19|22.94|3.14|29.19|4.41|21.27|3.36|67|94|68|89|37|56|3070|358|36|35|3427.3|9799.3
221 Dijon Toison|221dijontoison@louispion.fr|ROLE_BOUTIQUE|Céline BRAISSAND|LOUIS PION|2016-05-31|368|1512|74.46|4.35|69.25|6.42|68.21|3.80|63.03|5.56|64.13|4.08|53.90|4.89|1|1|1|1|1|2|5658|886|36|33|3689.6|17648.18
300 MARSEILLE|glstferreol300@louispion.fr|ROLE_BOUTIQUE|Claire LUNGAVIA|LOUIS PION|2016-05-31|353|1594|26.06|2.55|26.35|3.45|23.80|2.55|23.65|3.45|22.95|2.55|22.84|3.51|94|93|87|86|55|50|2331|337|12|12|1207.9|5982.62
302 GL Haussmann|lpHausmann302@louispion.fr|ROLE_BOUTIQUE|Stéphane MORICEAU|LOUIS PION|2016-05-31|127|633|4.72|10.24|3.16|2.37|3.15|7.87|2.21|1.90|3.15|7.87|1.58|2.05|132|132|132|132|132|132|746|69|0|0|0|142.12
303 BHV Rivoli|lprivoli303@louispion.fr|ROLE_BOUTIQUE|Steve BENDJAICHE|LOUIS PION|2016-05-31|1096|5209|40.33|8.76|28.55|5.82|36.04|8.49|25.26|5.38|4.11|2.01|2.80|1.17|53|81|52|81|128|130|5018|433|36|27|5655.9|10667.87
304 GL Tours|304lpgltours@louispion.fr|ROLE_BOUTIQUE|David DESGARCEAUX|LOUIS PION|2016-05-31|256|1292|33.59|8.20|32.82|6.66|26.56|7.03|26.86|5.34|25.78|7.42|26.01|5.80|75|59|80|70|47|37|3491|498|12|12|704|3489.87
305 GL Grenoble|305glgrenoble@louispion.fr|ROLE_BOUTIQUE|Céline BRAISSAND|LOUIS PION|2016-05-31|539|2399|36.18|7.05|35.60|8.00|32.65|6.31|31.80|6.96|8.72|2.78|7.84|3.17|65|48|63|47|113|116|3159|425|23|21|1749.3|10605.45
306 GL Toulouse|306gltoulouse@louispion.fr|ROLE_BOUTIQUE|Romain DEBROISE|LOUIS PION|2016-05-31|615|2824|45.04|8.13|35.20|7.01|38.54|8.29|26.88|5.63|13.66|3.74|9.21|2.05|39|51|42|69|94|107|4091|389|13|9|2328.9|4515.15
307 GL Cap 3000|307glcap3000@louispion.fr|ROLE_BOUTIQUE|Claire LUNGAVIA|LOUIS PION|2016-05-31|531|2595|18.46|1.88|27.86|3.04|16.76|2.07|25.93|2.81|10.17|1.51|20.04|2.54|116|85|110|75|107|60|2959|515|19|17|2371.5|16360.67
308 GL Belle Epine|308glbelleepine@louispion.fr|ROLE_BOUTIQUE|Steve BENDJAICHE|LOUIS PION|2016-05-31|0||0.0|0.0|0.0|0.0|0.0|0.0|0.0|0.0|0.0|0.0|0.0|0.0|136|136|136|136|136|136|887|107|1|1|59|311
309 GL Bordeaux|309glbordeaux@louispion.fr|ROLE_BOUTIQUE|Romain DEBROISE|LOUIS PION|2016-05-31|1625|6693|38.46|9.29|31.27|5.24|34.15|8.18|25.32|4.42|27.69|4.74|17.00|2.69|60|69|59|80|41|66|7495|769|61|56|4098.1|19492.43
310 GL Lille|310gllille@louispion.fr|ROLE_BOUTIQUE|Jérémie BOURGAIN|LOUIS PION|2016-05-31|0||0.0|0.0|0.0|0.0|0.0|0.0|0.0|0.0|0.0|0.0|0.0|0.0|137|137|137|137|137|137|1181|160|3|3|345|727.2
311 GL Lyon Bron|311gllyonbron@louispion.fr|ROLE_BOUTIQUE|Céline BRAISSAND|LOUIS PION|2016-05-31|530|2537|40.38|5.85|40.91|5.48|35.85|5.28|37.17|5.20|26.42|4.15|26.21|4.10|52|30|54|28|46|36|3402|490|33|31|4104|22502.05
312 GL Lyon Part Dieu|312gllyonpartdieu@louispion.fr|ROLE_BOUTIQUE|Céline BRAISSAND|LOUIS PION|2016-05-31|581|2877|28.06|8.95|24.64|5.70|22.55|6.54|20.26|5.04|20.65|6.88|18.77|5.18|88|97|95|97|62|62|2941|474|17|17|2217|10310.13
313 GL Maine|313glmaine@louispion.fr|ROLE_BOUTIQUE|Stéphane MORICEAU|LOUIS PION|2016-05-31|969|4216|18.78|3.51|20.14|4.03|15.48|3.10|16.70|3.53|14.04|2.99|15.20|2.92|115|113|116|109|91|80|2773|462|20|20|2783.9|11654
314 GL Marseille Bourse|314glmarseillebourse@louispion.fr|ROLE_BOUTIQUE|Claire LUNGAVIA|LOUIS PION|2016-05-31|338|1522|31.36|5.92|34.82|4.93|30.47|5.62|31.93|4.40|28.40|4.14|28.91|3.88|81|52|71|46|40|30|2488|409|12|11|3301.95|9180.5
315 GL Montpellier|315glmontpellier@louispion.fr|ROLE_BOUTIQUE|Romain DEBROISE|LOUIS PION|2016-05-31|387|1862|65.12|12.92|47.80|8.49|62.53|11.89|44.09|7.57|61.24|12.14|42.37|8.06|5|13|4|12|2|8|2627|345|25|17|2702.2|7401.23
316 GL Nantes Decre|316glnantesdecre@louispion.fr|ROLE_BOUTIQUE|David DESGARCEAUX|LOUIS PION|2016-05-31|688|3071|31.98|7.85|31.16|6.58|26.89|6.69|24.81|5.37|26.89|6.54|24.49|5.28|79|71|78|83|44|40|7328|987|26|24|2345.3|12988.35
317 GL Nice Massena|317glnicemassena@louispion.fr|ROLE_BOUTIQUE|Claire LUNGAVIA|LOUIS PION|2016-05-31|753|2980|23.11|6.11|23.83|6.38|16.20|4.25|17.75|4.36|14.87|4.38|16.91|4.30|107|102|114|103|86|67|3586|505|23|21|4166.3|11831.4
318 GL Perpignan|318glperpignan@louispion.fr|ROLE_BOUTIQUE|Romain DEBROISE|LOUIS PION|2016-05-31|268|1182|48.51|8.21|46.28|8.88|39.93|6.34|38.41|6.60|39.18|6.34|37.06|6.18|32|17|40|25|16|15|4590|607|24|24|2175|9717.47
319 GL Rosny|319glrosny@louispion.fr|ROLE_BOUTIQUE|Steve BENDJAICHE|LOUIS PION|2016-05-31|447|2200|54.36|14.77|32.77|8.14|50.56|13.65|29.36|7.05|13.20|6.04|6.55|2.55|19|60|18|58|96|122|3365|308|30|26|4746.65|11168.4
320 GL Strasbourg|320glstrasbourg@louispion.fr|ROLE_BOUTIQUE|Jérémie BOURGAIN|LOUIS PION|2016-05-31|1356|4423|40.56|12.83|31.54|9.04|34.22|10.32|26.48|7.35|22.20|7.01|20.24|5.70|50|66|57|72|59|58|5906|764|33|29|1621.3|12960.5
321 GL Amiens|321glamiens@louispion.fr|ROLE_BOUTIQUE|Jérémie BOURGAIN|LOUIS PION|2016-05-31|202|976|56.44|6.93|57.38|7.17|52.97|6.44|53.18|6.86|50.99|7.43|52.25|7.27|15|4|13|4|6|3|3878|610|24|24|1586.7|6355.06
322 GL Angers|322glangers@louispion.fr|ROLE_BOUTIQUE|David DESGARCEAUX|LOUIS PION|2016-05-31|370|1733|59.73|6.76|44.09|3.75|51.08|6.49|38.14|3.46|50.81|6.49|37.85|3.46|9|22|14|26|7|11|5730|823|30|30|1709.3|10461.9
323 GL Annecy|323glannecy@louispion.fr|ROLE_BOUTIQUE|Céline BRAISSAND|LOUIS PION|2016-05-31|278|1225|42.09|6.12|44.65|4.33|35.61|5.04|38.86|3.51|34.89|5.76|37.47|4.49|46|20|55|24|28|13|1815|248|21|21|13414.35|21306.07
324 GL Avignon Cap Sud|324glavignoncapsud@louispion.fr|ROLE_BOUTIQUE|Claire LUNGAVIA|LOUIS PION|2016-05-31|261|1240|42.91|11.88|41.85|8.63|41.00|12.64|39.19|8.63|15.71|6.90|23.63|5.97|43|28|36|23|81|44|2302|400|12|12|1440.3|7463.12
325 GL Bayonne|325glbayonne@louispion.fr|ROLE_BOUTIQUE|Romain DEBROISE|LOUIS PION|2016-05-31|185|828|40.54|5.41|43.72|6.16|37.30|5.41|36.96|5.07|37.30|5.41|36.47|5.31|51|25|47|29|23|17|2673|360|7|6|318|2859
326 GL Besancon|326glbesancon@louispion.fr|ROLE_BOUTIQUE|Céline BRAISSAND|LOUIS PION|2016-05-31|276|1233|42.75|8.33|30.74|3.89|35.14|7.25|25.47|3.24|33.33|7.97|24.25|3.41|44|74|56|77|30|41|1478|268|8|8|824|3766.75
327 GL Biarritz|327glbiarritz@louispion.fr|ROLE_BOUTIQUE|Romain DEBROISE|LOUIS PION|2016-05-31|315|1084|23.49|6.03|20.85|3.41|19.37|3.17|16.61|2.40|8.89|0.32|6.73|0.37|105|109|102|110|112|121|2023|228|2|2|132|2453.92
328 GL Caen|328glcaen@louispion.fr|ROLE_BOUTIQUE|David DESGARCEAUX|LOUIS PION|2016-05-31|363|1668|33.88|4.96|33.63|6.12|28.93|4.13|28.72|5.22|20.39|3.03|24.10|4.62|74|56|74|60|64|42|4191|633|19|19|1348.2|5897.83
329 GL Cannes|329glcannes@louispion.fr|ROLE_BOUTIQUE|Claire LUNGAVIA|LOUIS PION|2016-05-31|254|1143|50.00|12.60|51.88|10.24|45.28|11.81|47.86|9.80|35.83|11.81|37.88|8.31|29|9|30|8|27|10|3116|482|23|19|701.7|11025.27
330 GL Chambery|330glchambery@louispion.fr|ROLE_BOUTIQUE|Céline BRAISSAND|LOUIS PION|2016-05-31|232|1097|34.05|6.90|24.07|3.83|24.57|3.88|15.41|2.28|24.14|3.45|13.76|2.19|73|100|84|114|52|90|820|143|6|5|680|2107.45
331 GL Clermont Ferrand|331glclermontferrand@louispion.fr|ROLE_BOUTIQUE|Romain DEBROISE|LOUIS PION|2016-05-31|399|1793|23.56|4.51|20.30|3.96|19.05|2.76|16.45|3.07|17.54|3.51|16.01|3.07|104|112|106|111|77|76|2078|238|7|6|390|3466.2
332 GL Dijon|332gldijon@louispion.fr|ROLE_BOUTIQUE|Céline BRAISSAND|LOUIS PION|2016-05-31|314|1439|39.17|2.55|37.04|4.31|32.48|1.27|31.55|3.75|31.85|1.27|31.13|3.75|57|44|64|48|34|27|1972|378|17|15|1634|7240.63
333 GL Evry|333glevry@louispion.fr|ROLE_BOUTIQUE|Stéphane MORICEAU|LOUIS PION|2016-05-31|369|1953|19.24|3.52|21.76|3.38|13.01|3.52|16.74|2.25|11.92|3.52|14.64|2.25|112|108|122|108|102|83|2602|420|13|12|1834.8|7981.8
334 GL Le Mans|334gllemans@louispion.fr|ROLE_BOUTIQUE|David DESGARCEAUX|LOUIS PION|2016-05-31|329|1549|41.64|2.74|29.57|2.58|36.47|2.74|25.95|2.52|36.17|2.74|25.69|2.58|47|78|49|74|25|38|3013|382|16|15|1520.3|4769.9
335 GL Limoges|335gllimoges@louispion.fr|ROLE_BOUTIQUE|Romain DEBROISE|LOUIS PION|2016-05-31|438|1837|36.07|3.20|35.22|3.70|31.74|2.28|30.70|3.27|24.20|2.51|21.56|2.89|66|50|66|53|51|53|2719|405|21|18|2094|6524.18
336 GL Metz|336glmetz@louispion.fr|ROLE_BOUTIQUE|Jérémie BOURGAIN|LOUIS PION|2016-05-31|392|1742|46.17|17.09|31.52|7.58|40.31|13.52|25.77|5.97|5.36|1.53|5.17|0.98|38|67|38|76|125|125|3088|441|12|12|2528.5|5855.46
337 GL Orleans|337glorleans@louispion.fr|ROLE_BOUTIQUE|David DESGARCEAUX|LOUIS PION|2016-05-31|312|1447|58.65|8.33|53.08|9.40|48.08|8.33|43.40|8.15|47.12|8.01|42.64|8.22|12|7|24|14|11|7|3202|394|27|27|2700.5|8658.67
338 GL Pau|338glpau@louispion.fr|ROLE_BOUTIQUE|Romain DEBROISE|LOUIS PION|2016-05-31|31|742|29.03|6.45|30.19|7.14|19.35|6.45|25.20|6.60|19.35|6.45|23.18|6.74|86|76|103|82|66|48|1903|212|8|8|566|1364.87
339 GL Reims|339glreims@louispion.fr|ROLE_BOUTIQUE|Jérémie BOURGAIN|LOUIS PION|2016-05-31|317|1369|41.32|14.20|41.05|12.86|39.43|13.56|37.98|12.49|39.12|13.88|36.67|12.42|48|29|41|27|17|16|3666|549|5|5|305|2976
340 GL Rennes|340glrennes@louispion.fr|ROLE_BOUTIQUE|David DESGARCEAUX|LOUIS PION|2016-05-31|510|2039|25.10|3.92|27.56|3.97|18.04|2.55|21.92|2.65|17.45|2.75|21.28|2.94|97|87|108|92|79|55|4152|622|17|17|1732|5228.95
341 GL Rouen|341glrouen@louispion.fr|ROLE_BOUTIQUE|David DESGARCEAUX|LOUIS PION|2016-05-31|277|1148|44.04|6.50|43.73|3.48|40.07|5.42|39.37|3.05|38.63|5.42|38.76|3.05|40|24|39|22|18|9|3118|444|16|12|361.5|5367.66
342 GL Toulon|342gltoulon@louispion.fr|ROLE_BOUTIQUE|Claire LUNGAVIA|LOUIS PION|2016-05-31|114|544|15.79|1.75|15.07|1.84|13.16|0.88|13.42|1.47|10.53|1.75|9.74|1.29|122|120|121|119|104|105|411|67|3|3|107.4|856.17
343 LP Parly2|343lpparly2@louispion.fr|ROLE_BOUTIQUE|Steve BENDJAICHE|LOUIS PION|2016-05-31|312|1510|53.21|16.67|37.75|8.41|49.36|14.42|31.26|7.22|23.40|4.81|13.84|3.31|24|39|21|51|54|88|2344|167|17|15|834.3|3543.53
346 GL Homme Mode|346@louispion.fr|ROLE_BOUTIQUE|Stéphane MORICEAU|LOUIS PION|2016-05-31|583|2728|5.15|1.03|4.22|0.62|3.95|0.51|3.41|0.44|3.26|0.51|2.53|0.29|131|131|131|131|130|131|418|64|3|2|176|2641.8
401 RUE ROYALE|rueroyale401@royal-quartz.fr|ROLE_BOUTIQUE|Doris SEITZ Royal Quartz|ROYAL QUARTZ|2016-05-31|298|1214|17.11|0.67|18.29|0.33|14.77|1.01|15.57|0.33|14.09|1.01|14.66|0.91|3|3|2|2|2|2||||||
402 CDG2F1|CDG2F1402@royalquartz.fr|ROLE_BOUTIQUE|Julien GAUTHEROT|ROYAL QUARTZ|2016-05-31|228|909|1.32|0.00|3.85|0.00|0.00|0.00|1.10|0.00|0.00|0.00|0.88|0.00|12|8|11|7|11|7||||||
403 CDG2F2|CDG2F2403@royalquartz.fr|ROLE_BOUTIQUE|Julien GAUTHEROT|ROYAL QUARTZ|2016-05-31|256|1138|1.56|0.00|1.14|0.00|0.39|0.00|0.26|0.00|0.39|0.00|0.18|0.00|11|12|10|10|10|11||||||
404 ROYAL QUARTZ ROISSY CDG E2-S3|CDG2E2404@royal-quartz.fr|ROLE_BOUTIQUE|Julien GAUTHEROT|ROYAL QUARTZ|2016-05-31|480|1882|4.38|0.21|10.89|0.11|0.83|0.00|1.22|0.00|0.63|0.00|0.96|0.00|7|6|7|6|8|6||||||
406 CDG2E1 Royal Quartz|CDG2E1406@royalquartz.fr|ROLE_BOUTIQUE|Julien GAUTHEROT|ROYAL QUARTZ|2016-05-31|505|1982|5.15|0.00|5.10|0.05|0.40|0.00|0.20|0.00|0.40|0.00|0.20|0.00|6|7|9|12|9|10||||||
410 Madeleine|madeleine410@louispion.fr|ROLE_BOUTIQUE|Doris SEITZ Louis Pion|LOUIS PION|2016-05-31|301|1259|29.90|3.32|23.83|2.14|22.92|2.66|17.16|1.11|20.60|2.66|15.97|1.35|85|101|91|106|63|77|1896|193|14|14|17842|33037.62
411 Elysées|elysees411@louispion.fr|ROLE_BOUTIQUE|Doris SEITZ Louis Pion|LOUIS PION|2016-05-31|923|3970|7.04|1.41|7.15|1.28|4.66|1.19|4.43|0.96|3.25|2.06|3.27|1.49|130|129|130|130|131|129|1351|208|13|12|14766.1|31758.6
412 Auber|auber412@louispion.fr|ROLE_BOUTIQUE|Doris SEITZ Louis Pion|LOUIS PION|2016-05-31|787|2961|13.09|0.76|12.19|0.95|9.40|0.51|9.46|0.68|8.89|0.76|8.65|1.15|124|126|126|127|111|111|2739|292|25|25|7240.4|17836.18
413 Carrousel|413carrousel@louispion.fr|ROLE_BOUTIQUE|Doris SEITZ Louis Pion|LOUIS PION|2016-05-31|0||0.0|0.0|0.0|0.0|0.0|0.0|0.0|0.0|0.0|0.0|0.0|0.0|138|138|138|138|138|138|452|62|1|1|1695|1816
415 ROYAL QUARTZ ROISSY CDG 2G|CDGT2G415@louispion.fr|ROLE_BOUTIQUE|Julien GAUTHEROT|ROYAL QUARTZ|2016-05-31|0||0.0|0.0|0.0|0.0|0.0|0.0|0.0|0.0|0.0|0.0|0.0|0.0|14|15|12|13|12|13||||||
417 ROYAL QUARTZ Liaison AC|CDGAC417@royal-quartz.fr|ROLE_BOUTIQUE|Julien GAUTHEROT|ROYAL QUARTZ|2016-05-31|270|894|18.89|0.37|32.89|0.34|1.85|0.00|2.35|0.11|1.11|0.00|1.12|0.11|2|2|5|5|5|5||||||
418 S4|418S4@royalquartz.fr|ROLE_BOUTIQUE|Julien GAUTHEROT|ROYAL QUARTZ|2016-05-31|232|877|1.72|0.00|0.46|0.00|0.00|0.00|0.00|0.00|0.00|0.00|0.00|0.00|10|14|13|14|13|14||||||
419 GL HAUSSMANN HOMME LUXE|419glhommeluxe@royal-quartz.fr|ROLE_BOUTIQUE|Doris SEITZ Royal Quartz|ROYAL QUARTZ|2016-05-31|0||0.0|0.0|0.0|0.0|0.0|0.0|0.0|0.0|0.0|0.0|0.0|0.0|15|16|14|15|14|15||||||
420 ROYAL QUARTZ GL STRASBOURG|420@royal-quartz.fr|ROLE_BOUTIQUE|Jérémie BOURGAIN|ROYAL QUARTZ|2016-05-31|0||0.0|0.0|0.0|0.0|0.0|0.0|0.0|0.0|0.0|0.0|0.0|0.0|16|17|15|16|15|16||||||
421 AUGIS1830|421augis1830@augis1830.com|ROLE_BOUTIQUE|Doris SEITZ Royal Quartz|ROYAL QUARTZ|2016-05-31|275|840|12.73|0.36|14.29|0.24|9.09|0.36|12.14|0.24|8.73|0.36|11.79|0.36|4|4|3|3|3|3||||||
422 ROYAL QUARTZ Terminal 1 |T1CDG422@royal-quartz.fr|ROLE_BOUTIQUE|Julien GAUTHEROT|ROYAL QUARTZ|2016-05-31|286|966|11.19|0.00|13.04|0.00|0.70|0.00|0.31|0.00|0.70|0.00|0.21|0.00|5|5|8|9|6|9||||||
423 ROYAL QUARTZ CDG S4|423@louispion.fr|ROLE_BOUTIQUE|Julien GAUTHEROT|ROYAL QUARTZ|2016-05-31|20|102|0.00|0.00|2.94|0.00|0.00|0.00|0.00|0.00|0.00|0.00|0.00|0.00|17|10|16|17|16|17||||||
453 ORLY ROLEX|453@royalquartz.fr|ROLE_BOUTIQUE|Julien GAUTHEROT|ROYAL QUARTZ|2016-05-31|16|65|43.75|0.00|36.92|0.00|37.50|0.00|27.69|0.00|37.50|0.00|23.08|1.54|1|1|1|1|1|1||||||
454 ROYAL QUARTZ ORLY SUD MULTIMARQUE|454SudInternationale@royalquartz.fr|ROLE_BOUTIQUE|Julien GAUTHEROT|ROYAL QUARTZ|2016-05-31|798|3391|2.13|0.00|1.53|0.03|0.88|0.00|0.47|0.03|0.63|0.00|0.38|0.03|9|11|6|8|7|8||||||
455 ROYAL QUARTZ ORLY OUEST CENTRAL|455Ouest2@royalquartz.fr|ROLE_BOUTIQUE|Julien GAUTHEROT|ROYAL QUARTZ|2016-05-31|491|2104|3.46|0.00|3.85|0.00|3.05|0.00|3.33|0.00|2.65|0.00|3.09|0.05|8|9|4|4|4|4||||||
456 ROYAL QUARTZ ORLY OUEST HALL 3|456ouest3@royalquartz.fr|ROLE_BOUTIQUE|Julien GAUTHEROT|ROYAL QUARTZ|2016-05-31|245|1157|0.41|0.00|0.61|0.00|0.00|0.41|0.26|0.09|0.00|0.41|0.17|0.09|13|13|17|11|17|12||||||
Céline BRAISSAND|cbraissand@louispion.fr|ROLE_DR|Céline BRAISSAND|LOUIS PION|2016-05-31|11399|48800|39.41|5.76|37.29|4.95|35.04|4.87|32.93|4.27|27.61|4.37|25.72|3.75|0|0|0|0|0|0|69002|9727|679|656|69442.55|255851.42
Claire LUNGAVIA|clungavia@louispion.fr|ROLE_DR|Claire LUNGAVIA|LOUIS PION|2016-05-31|9702|41503|29.11|5.31|29.87|4.82|27.10|4.95|27.68|4.48|19.74|3.68|19.97|3.49|0|0|0|0|0|0|56060|8274|375|354|37163.45|161386.74
David DESGARCEAUX|ddesgarceaux@louispion.fr|ROLE_DR|David DESGARCEAUX|LOUIS PION|2016-05-31|10561|44752|33.87|4.23|29.62|3.59|28.87|3.66|24.73|3.01|28.07|3.66|24.10|3.05|0|0|0|0|0|0|74917|9972|531|514|38747.8|156728.24
Doris SEITZ Louis Pion|dseitz@royalquartz.fr|ROLE_DR|Doris SEITZ Louis Pion|LOUIS PION|2016-05-31|2011|8190|12.83|1.44|11.54|1.29|9.25|1.14|8.21|0.88|8.06|1.64|7.17|1.34|0|0|0|0|0|0|6438|755|53|52|41543.5|84448.4
Doris SEITZ Royal Quartz|dseitz@royalquartz.fr|ROLE_DR|Doris SEITZ Royal Quartz|ROYAL QUARTZ|2016-05-31|573|2054|15.01|0.52|16.65|0.29|12.04|0.70|14.17|0.29|11.52|0.70|13.49|0.68|0|0|0|0|0|0||||||
Jérémie BOURGAIN|jbourgain@louispion.fr|ROLE_DR|Jérémie BOURGAIN|LOUIS PION|2016-05-31|8533|35545|40.68|11.14|34.71|6.87|33.22|7.99|28.57|5.26|24.45|5.37|21.59|3.87|0|0|0|0|0|0|53817|7379|428|413|27294.05|113142.97
Julien GAUTHEROT|jgautherot@royalquartz.fr|ROLE_DR|Julien GAUTHEROT|ROYAL QUARTZ|2016-05-31|3827|15467|4.78|0.05|6.11|0.05|1.10|0.03|1.11|0.02|0.91|0.03|0.90|0.03|0|0|0|0|0|0||||||
LOUIS PION|""|ROLE_MARQUE|""|LOUIS PION|2016-05-31|75145|320813|35.47|6.20|30.99|4.68|31.12|5.28|26.84|4.00|20.84|3.76|18.70|3.11|0|0|0|0|0|0|431642|56883|3539|3380|355074.15|1226883.66
Romain DEBROISE|rdebroise@louispion.fr|ROLE_DR|Romain DEBROISE|LOUIS PION|2016-05-31|9058|38872|34.91|6.33|29.91|4.51|30.70|5.37|25.40|3.75|24.77|4.32|19.81|3.11|0|0|0|0|0|0|58184|7072|358|331|29165.85|110755.77
ROYAL QUARTZ|""|ROLE_MARQUE|""|ROYAL QUARTZ|2016-05-31|4400|17521|6.11|0.11|7.35|0.07|2.52|0.11|2.64|0.05|2.30|0.11|2.37|0.11|0|0|0|0|0|0||||||
Stéphane MORICEAU|smoriceau@louispion.fr|ROLE_DR|Stéphane MORICEAU|LOUIS PION|2016-05-31|12411|52193|23.52|3.50|23.80|3.38|20.12|3.00|20.08|2.83|13.96|2.28|14.34|2.49|0|0|0|0|0|0|45658|6488|438|425|40022.75|144952.46
Steve BENDJAICHE|sbendjaiche@louispion.fr|ROLE_DR|Steve BENDJAICHE|LOUIS PION|2016-05-31|11470|50958|51.91|9.20|35.76|5.74|47.23|8.58|32.01|5.22|12.29|3.68|9.66|2.62|0|0|0|0|0|0|67566|7216|677|635|71694.2|199617.66